{"cameraMode":{"drawMode":0,"name":"Shaded","section":"Shading Mode"},"sceneLighting":false,"audioPlay":false,"sceneViewState":{"showFog":true,"showMaterialUpdate":false,"showSkybox":false,"showFlares":true,"showImageEffects":true,"showParticleSystems":true},"in2DMode":false,"pivot":{"x":0.000003814697265625,"y":17.62406349182129,"z":0.00000762939453125},"rotation":{"x":0.25507718324661257,"y":-0.6154781579971314,"z":0.22035828232765199,"w":0.7124465703964233},"size":89.74909973144531,"orthographic":false}