{"cameraMode":{"drawMode":0,"name":"Shaded","section":"Shading Mode"},"sceneLighting":false,"audioPlay":false,"sceneViewState":{"showFog":true,"showMaterialUpdate":false,"showSkybox":false,"showFlares":true,"showImageEffects":true,"showParticleSystems":true},"in2DMode":false,"pivot":{"x":0.5187416076660156,"y":0.0,"z":0.25937557220458987},"rotation":{"x":0.2012467086315155,"y":-0.466239333152771,"z":0.10980676114559174,"w":0.8544473648071289},"size":31.304954528808595,"orthographic":false}