{"cameraMode":{"drawMode":0,"name":"Shaded","section":"Shading Mode"},"sceneLighting":true,"audioPlay":false,"sceneViewState":{"showFog":true,"showMaterialUpdate":false,"showSkybox":true,"showFlares":true,"showImageEffects":true,"showParticleSystems":true},"in2DMode":false,"pivot":{"x":-867.9954833984375,"y":73.75323486328125,"z":752.093017578125},"rotation":{"x":0.11384133249521256,"y":-0.15902197360992433,"z":0.01801820658147335,"w":0.9806625247001648},"size":1786.5521240234375,"orthographic":false}