{"cameraMode":{"drawMode":0,"name":"Shaded","section":"Shading Mode"},"sceneLighting":false,"audioPlay":false,"sceneViewState":{"showFog":true,"showMaterialUpdate":false,"showSkybox":false,"showFlares":true,"showImageEffects":true,"showParticleSystems":true},"in2DMode":false,"pivot":{"x":-190.82501220703126,"y":64.75994873046875,"z":-173.65789794921876},"rotation":{"x":-0.008820953778922558,"y":-0.1843642294406891,"z":0.0017946683801710606,"w":-0.9829009771347046},"size":266.8240966796875,"orthographic":false}