{"cameraMode":{"drawMode":0,"name":"Shaded","section":"Shading Mode"},"sceneLighting":false,"audioPlay":false,"sceneViewState":{"showFog":true,"showMaterialUpdate":false,"showSkybox":false,"showFlares":true,"showImageEffects":true,"showParticleSystems":true},"in2DMode":false,"pivot":{"x":-371.7099914550781,"y":20.779998779296876,"z":-327.6099853515625},"rotation":{"x":-0.22441473603248597,"y":-0.03740589693188667,"z":0.008741011843085289,"w":-0.9738123416900635},"size":5.539310455322266,"orthographic":false}